{
  "logistic_regression": {
    "precision": [
      0.375,
      0.367816091954023,
      0.37209302325581395,
      0.3764705882352941,
      0.38095238095238093,
      0.3855421686746988,
      0.3902439024390244,
      0.3950617283950617,
      0.4,
      0.3924050632911392,
      0.38461538461538464,
      0.37662337662337664,
      0.3684210526315789,
      0.36,
      0.36486486486486486,
      0.3561643835616438,
      0.3611111111111111,
      0.36619718309859156,
      0.37142857142857144,
      0.37681159420289856,
      0.36764705882352944,
      0.3582089552238806,
      0.36363636363636365,
      0.35384615384615387,
      0.359375,
      0.36507936507936506,
      0.3709677419354839,
      0.36065573770491804,
      0.36666666666666664,
      0.3728813559322034,
      0.3620689655172414,
      0.3684210526315789,
      0.375,
      0.38181818181818183,
      0.3888888888888889,
      0.39622641509433965,
      0.40384615384615385,
      0.39215686274509803,
      0.4,
      0.40816326530612246,
      0.4166666666666667,
      0.425531914893617,
      0.43478260869565216,
      0.4444444444444444,
      0.4318181818181818,
      0.4186046511627907,
      0.40476190476190477,
      0.3902439024390244,
      0.375,
      0.38461538461538464,
      0.3684210526315789,
      0.35135135135135137,
      0.3611111111111111,
      0.37142857142857144,
      0.38235294117647056,
      0.3939393939393939,
      0.375,
      0.3870967741935484,
      0.4,
      0.41379310344827586,
      0.42857142857142855,
      0.4444444444444444,
      0.46153846153846156,
      0.48,
      0.4583333333333333,
      0.43478260869565216,
      0.4090909090909091,
      0.42857142857142855,
      0.45,
      0.42105263157894735,
      0.4444444444444444,
      0.47058823529411764,
      0.5,
      0.4666666666666667,
      0.5,
      0.5384615384615384,
      0.5,
      0.5454545454545454,
      0.5,
      0.5555555555555556,
      0.5,
      0.42857142857142855,
      0.5,
      0.6,
      0.5,
      0.3333333333333333,
      0.5,
      0.0,
      1.0
    ],
    "recall": [
      1.0,
      0.9696969696969697,
      0.9696969696969697,
      0.9696969696969697,
      0.9696969696969697,
      0.9696969696969697,
      0.9696969696969697,
      0.9696969696969697,
      0.9696969696969697,
      0.9393939393939394,
      0.9090909090909091,
      0.8787878787878788,
      0.8484848484848485,
      0.8181818181818182,
      0.8181818181818182,
      0.7878787878787878,
      0.7878787878787878,
      0.7878787878787878,
      0.7878787878787878,
      0.7878787878787878,
      0.7575757575757576,
      0.7272727272727273,
      0.7272727272727273,
      0.696969696969697,
      0.696969696969697,
      0.696969696969697,
      0.696969696969697,
      0.6666666666666666,
      0.6666666666666666,
      0.6666666666666666,
      0.6363636363636364,
      0.6363636363636364,
      0.6363636363636364,
      0.6363636363636364,
      0.6363636363636364,
      0.6363636363636364,
      0.6363636363636364,
      0.6060606060606061,
      0.6060606060606061,
      0.6060606060606061,
      0.6060606060606061,
      0.6060606060606061,
      0.6060606060606061,
      0.6060606060606061,
      0.5757575757575758,
      0.5454545454545454,
      0.5151515151515151,
      0.48484848484848486,
      0.45454545454545453,
      0.45454545454545453,
      0.42424242424242425,
      0.3939393939393939,
      0.3939393939393939,
      0.3939393939393939,
      0.3939393939393939,
      0.3939393939393939,
      0.36363636363636365,
      0.36363636363636365,
      0.36363636363636365,
      0.36363636363636365,
      0.36363636363636365,
      0.36363636363636365,
      0.36363636363636365,
      0.36363636363636365,
      0.3333333333333333,
      0.30303030303030304,
      0.2727272727272727,
      0.2727272727272727,
      0.2727272727272727,
      0.24242424242424243,
      0.24242424242424243,
      0.24242424242424243,
      0.24242424242424243,
      0.21212121212121213,
      0.21212121212121213,
      0.21212121212121213,
      0.18181818181818182,
      0.18181818181818182,
      0.15151515151515152,
      0.15151515151515152,
      0.12121212121212122,
      0.09090909090909091,
      0.09090909090909091,
      0.09090909090909091,
      0.06060606060606061,
      0.030303030303030304,
      0.030303030303030304,
      0.0,
      0.0
    ]
  },
  "ridge_classifier": {
    "precision": [
      0.375,
      0.367816091954023,
      0.37209302325581395,
      0.3764705882352941,
      0.38095238095238093,
      0.3855421686746988,
      0.3902439024390244,
      0.3950617283950617,
      0.4,
      0.3924050632911392,
      0.38461538461538464,
      0.37662337662337664,
      0.3815789473684211,
      0.37333333333333335,
      0.3783783783783784,
      0.3698630136986301,
      0.3611111111111111,
      0.36619718309859156,
      0.35714285714285715,
      0.36231884057971014,
      0.36764705882352944,
      0.3582089552238806,
      0.36363636363636365,
      0.36923076923076925,
      0.359375,
      0.36507936507936506,
      0.3709677419354839,
      0.36065573770491804,
      0.35,
      0.3559322033898305,
      0.3620689655172414,
      0.3684210526315789,
      0.375,
      0.38181818181818183,
      0.3888888888888889,
      0.39622641509433965,
      0.40384615384615385,
      0.4117647058823529,
      0.4,
      0.40816326530612246,
      0.4166666666666667,
      0.425531914893617,
      0.43478260869565216,
      0.4222222222222222,
      0.4090909090909091,
      0.4186046511627907,
      0.40476190476190477,
      0.3902439024390244,
      0.375,
      0.38461538461538464,
      0.3684210526315789,
      0.3783783783783784,
      0.3888888888888889,
      0.37142857142857144,
      0.38235294117647056,
      0.3939393939393939,
      0.375,
      0.3870967741935484,
      0.4,
      0.41379310344827586,
      0.42857142857142855,
      0.4444444444444444,
      0.46153846153846156,
      0.48,
      0.4583333333333333,
      0.43478260869565216,
      0.4090909090909091,
      0.42857142857142855,
      0.45,
      0.42105263157894735,
      0.4444444444444444,
      0.47058823529411764,
      0.4375,
      0.4666666666666667,
      0.5,
      0.5384615384615384,
      0.5,
      0.5454545454545454,
      0.5,
      0.5555555555555556,
      0.5,
      0.42857142857142855,
      0.5,
      0.4,
      0.5,
      0.3333333333333333,
      0.0,
      0.0,
      1.0
    ],